ID,FIRST_NAME,LAST_NAME
309,Name,Last_Name_01
318,Name,Last_Name_02
320,Name,Last_Name_03
304,Name,Last_Name_04
301,Name,Last_Name_05
324,Name,Last_Name_06
314,Name,Last_Name_07
310,Name,Last_Name_08
327,Name,Last_Name_09
326,Name,Last_Name_10
319,Name,Last_Name_11
321,Name,Last_Name_12
302,Name,Last_Name_13
322,Name,Last_Name_14
305,Name,Last_Name_15
311,Name,Last_Name_16
323,Name,Last_Name_17
316,Name,Last_Name_18
308,Name,Last_Name_19
297,Name,Last_Name_20
300,Name,Last_Name_21
312,Name,Last_Name_22
313,Name,Last_Name_23
306,Name,Last_Name_24
299,Name,Last_Name_25
317,Name,Last_Name_26
325,Name,Last_Name_27